,Image Data ID
0,I386078
1,I374438
2,I366206
3,I420764
4,I379881
5,I325117
6,I431040
7,I307647
8,I376059
9,I364593
10,I313237
11,I352812
12,I294078
13,I324382
14,I275239
15,I362056
16,I296051
17,I355785
18,I316602
19,I423570
20,I269040
21,I294453
22,I276870
23,I418942
24,I352738
25,I313266
26,I290254
27,I268046
28,I391685
29,I311605
30,I352781
31,I296916
32,I269847
33,I259908
34,I305923
35,I272999
36,I397803
37,I361013
38,I329492
39,I287139
40,I269110
41,I389459
42,I245762
43,I389438
44,I323029
45,I307161
46,I259781
47,I240920
48,I235780
49,I261099
50,I280874
51,I324914
52,I386492
53,I394085
54,I192349
55,I207571
56,I262651
57,I356206
58,I224718
59,I313932
60,I240938
61,I291412
62,I362304
63,I420195
64,I223990
65,I225333
66,I384014
67,I382454
68,I440851
69,I316809
70,I392921
71,I363729
72,I337914
73,I293973
74,I422917
75,I343149
76,I379920
77,I269343
78,I306344
79,I350817
80,I401195
81,I285306
82,I308371
83,I263969
84,I251184
85,I392006
86,I324267
87,I264007
88,I294055
89,I251129
90,I510064
91,I251347
92,I288856
93,I390670
94,I326707
95,I265150
96,I510486
97,I265040
98,I323678
99,I389223
100,I251751
101,I287494
102,I250185
103,I290343
104,I265052
105,I384836
106,I322080
107,I283753
108,I247608
109,I264594
110,I316643
111,I262405
112,I245816
113,I505761
114,I286186
115,I382194
116,I286967
117,I240235
118,I501540
119,I257403
120,I314004
121,I356885
122,I237624
123,I268491
124,I401904
125,I199306
126,I217786
127,I344187
128,I262368
129,I215475
130,I235936
131,I395844
132,I195029
133,I378988
134,I340336
135,I355613
136,I332576
137,I317467
138,I337351
139,I312257
140,I303826
141,I353109
142,I320081
143,I375147
144,I279138
145,I325614
146,I311088
147,I357082
148,I311086
149,I277014
150,I326285
151,I273509
152,I320032
153,I311149
154,I357986
155,I273813
156,I311052
157,I317490
158,I408961
159,I277055
160,I350343
161,I311117
162,I258046
163,I271272
164,I401913
165,I311099
166,I341486
167,I255583
168,I286168
169,I236772
170,I255611
171,I310971
172,I311114
173,I224912
174,I256881
175,I244086
176,I212294
177,I252369
178,I234736
179,I403671
180,I468823
181,I399728
182,I401994
183,I401921
184,I381836
185,I507327
186,I341757
187,I321124
188,I363850
189,I391974
190,I362671
191,I388082
192,I343264
193,I443996
194,I323626
195,I441094
196,I341266
197,I387115
198,I361945
199,I321563
200,I332927
201,I350274
202,I307118
203,I377784
204,I347728
205,I425399
206,I324347
207,I373506
208,I301621
209,I297483
210,I420404
211,I369675
212,I340297
213,I317103
214,I435048
215,I301677
216,I323439
217,I377601
218,I351757
219,I430292
220,I320408
221,I376851
222,I301113
223,I351257
224,I346136
225,I295427
226,I372102
227,I424165
228,I316419
229,I338674
230,I366752
231,I315960
232,I419379
233,I291080
234,I317914
235,I341001
236,I297492
237,I424286
238,I371165
239,I363937
240,I417657
241,I286212
242,I306401
243,I332426
244,I287518
245,I416971
246,I308042
247,I336780
248,I364465
249,I363523
250,I285108
251,I307420
252,I416808
253,I334207
254,I280770
255,I414468
256,I301953
257,I326329
258,I361921
259,I289621
260,I400991
261,I311800
262,I269641
263,I350805
264,I348790
265,I266828
266,I315438
267,I286780
268,I399971
269,I286769
270,I264490
271,I302703
272,I345456
273,I344071
274,I398669
275,I305121
276,I264499
277,I283720
278,I260530
279,I276540
280,I340138
281,I300833
282,I405625
283,I257207
284,I394295
285,I298405
286,I257191
287,I271501
288,I339303
289,I387887
290,I440400
291,I510032
292,I325214
293,I346547
294,I461101
295,I399835
296,I461027
297,I348708
298,I401178
299,I388104
300,I326238
301,I440916
302,I330002
303,I440797
304,I388093
305,I442989
306,I388069
307,I325800
308,I300066
309,I420036
310,I367409
311,I342517
312,I341974
313,I375502
314,I342485
315,I330237
316,I308417
317,I308400
318,I335378
319,I294001
320,I336201
321,I278515
322,I281016
323,I330134
324,I264213
325,I330167
326,I401076
327,I285010
328,I256891
329,I296380
330,I398429
331,I330142
332,I417185
333,I365080
334,I332644
335,I384345
336,I506898
337,I384475
338,I382716
339,I508480
340,I487325
341,I365356
342,I379248
343,I399465
344,I360992
345,I346349
346,I375287
347,I367181
348,I394453
349,I336509
350,I343841
351,I386442
352,I360752
353,I320488
354,I349507
355,I323982
356,I431113
357,I304620
358,I376201
359,I376165
360,I349489
361,I323966
362,I431100
363,I304624
364,I302861
365,I372800
366,I346898
367,I318979
368,I427280
369,I300796
370,I424525
371,I370323
372,I298453
373,I344122
374,I316945
375,I369132
376,I316061
377,I297162
378,I342904
379,I422736
380,I291134
381,I340278
382,I364707
383,I420783
384,I311222
385,I288817
386,I335458
387,I308332
388,I364579
389,I419217
390,I412553
391,I321164
392,I358924
393,I301439
394,I282262
395,I355682
396,I408194
397,I278380
398,I322752
399,I293960
400,I308343
401,I270417
402,I400259
403,I288842
404,I351210
405,I306540
406,I265914
407,I285170
408,I401015
409,I348088
410,I346782
411,I305069
412,I262544
413,I280925
414,I398442
415,I397138
416,I280293
417,I342554
418,I298639
419,I260981
420,I367736
421,I379689
422,I367563
423,I381455
424,I381316
425,I385738
426,I374293
427,I387134
428,I489947
429,I489590
430,I368291
431,I358772
432,I385031
433,I371971
434,I348487
435,I360701
436,I398914
437,I373019
438,I347408
439,I342917
440,I369267
441,I364937
442,I353270
443,I392404
444,I342284
445,I341795
446,I395983
447,I358859
448,I369303
449,I342341
450,I370078
451,I358894
452,I337128
453,I447522
454,I368194
455,I394506
456,I352314
457,I349744
458,I495773
459,I374317
460,I323152
461,I392895
462,I314333
463,I340208
464,I355859
465,I495755
466,I437507
467,I306383
468,I335241
469,I376255
470,I352395
471,I423920
472,I342227
473,I369937
474,I300042
475,I322377
476,I367098
477,I295960
478,I342050
479,I316008
480,I423655
481,I293626
482,I341312
483,I364928
484,I313408
485,I291223
486,I323797
487,I347082
488,I495747
489,I362392
490,I308124
491,I287647
492,I331235
493,I323815
494,I282294
495,I303037
496,I416053
497,I361489
498,I301095
499,I279177
500,I358802
501,I414277
502,I319556
503,I374152
504,I305264
505,I407055
506,I374164
507,I278500
508,I358937
509,I374200
510,I279107
511,I412924
512,I297699
513,I400001
514,I302616
515,I346749
516,I267706
517,I285318
518,I310244
519,I398577
520,I289592
521,I266209
522,I350052
523,I398591
524,I287080
525,I267896
526,I304598
527,I348044
528,I342036
529,I297562
530,I280802
531,I259688
532,I395954
533,I281085
534,I341134
535,I394171
536,I297617
537,I259336
538,I256752
539,I257016
540,I316282
541,I241320
542,I385073
543,I500905
544,I424568
545,I266229
546,I495119
547,I372306
548,I232249
549,I302587
550,I247982
551,I317119
552,I353803
553,I350743
554,I316547
555,I348299
556,I350824
557,I322059
558,I343371
559,I336188
560,I317405
561,I334134
562,I498566
563,I385680
564,I378118
565,I386129
566,I475530
567,I416557
568,I358221
569,I365374
570,I347206
571,I442576
572,I387210
573,I357852
574,I316448
575,I315677
576,I445151
577,I384240
578,I385671
579,I344490
580,I344005
581,I310923
582,I350373
583,I311830
584,I382931
585,I310621
586,I381370
587,I308774
588,I343989
589,I307189
590,I379837
591,I432678
592,I344473
593,I377410
594,I377663
595,I350475
596,I318658
597,I301507
598,I344550
599,I427774
600,I298631
601,I316935
602,I377642
603,I344038
604,I313982
605,I487424
606,I293925
607,I423948
608,I296092
609,I316919
610,I343008
611,I423071
612,I293371
613,I346860
614,I495308
615,I313319
616,I296459
617,I290867
618,I313455
619,I341152
620,I417674
621,I487386
622,I344521
623,I436671
624,I487381
625,I379819
626,I308309
627,I420554
628,I377614
629,I313104
630,I347248
631,I289723
632,I305544
633,I344018
634,I285749
635,I416827
636,I487367
637,I222055
638,I471524
639,I412429
640,I224772
641,I209239
642,I279602
643,I358672
644,I280345
645,I205439
646,I225384
647,I358660
648,I404929
649,I202684
650,I356441
651,I279213
652,I475550
653,I273733
654,I450462
655,I199269
656,I400071
657,I344537
658,I264449
659,I209270
660,I192076
661,I449448
662,I191607
663,I273721
664,I262563
665,I344458
666,I396645
667,I273697
668,I190939
669,I263310
670,I448446
671,I207496
672,I339163
673,I393921
674,I224792
675,I183858
676,I180186
677,I181151
678,I310635
679,I192381
680,I378631
681,I430877
682,I179555
683,I273666
684,I209253
685,I335154
686,I350200
687,I364644
688,I394115
689,I379572
690,I336483
691,I442389
692,I311953
693,I355113
694,I330548
695,I311960
696,I391339
697,I436830
698,I352833
699,I302640
700,I358964
701,I283604
702,I416324
703,I324206
704,I269075
705,I333880
706,I289865
707,I394304
708,I270994
709,I253055
710,I248582
711,I266647
712,I392309
713,I321729
714,I285026
715,I263101
716,I247622
717,I323118
718,I283622
719,I423245
720,I267390
721,I301641
722,I248574
723,I373930
724,I228729
725,I206062
726,I448370
727,I191059
728,I222667
729,I391446
730,I257023
731,I336647
732,I362813
733,I440147
734,I388674
735,I322565
736,I344581
737,I321272
738,I384466
739,I344502
740,I360688
741,I377584
742,I336228
743,I307564
744,I351677
745,I295320
746,I340079
747,I423050
748,I369161
749,I321527
750,I296147
751,I313534
752,I365516
753,I422626
754,I341369
755,I285455
756,I325701
757,I359057
758,I280674
759,I413671
760,I301734
761,I280156
762,I355843
763,I407309
764,I298580
765,I323176
766,I264969
767,I344602
768,I282570
769,I306530
770,I253231
771,I269337
772,I252808
773,I269307
774,I291542
775,I332366
776,I394922
777,I388757
778,I271073
779,I291512
780,I254253
781,I335038
782,I508788
783,I287256
784,I252806
785,I321618
786,I266870
787,I400415
788,I266192
789,I252715
790,I510097
791,I387042
792,I285892
793,I329547
794,I382146
795,I322535
796,I278831
797,I257321
798,I502208
799,I241691
800,I302544
801,I271875
802,I494177
803,I376180
804,I249378
805,I235315
806,I225661
807,I298556
808,I242907
809,I419974
810,I261388
811,I214104
812,I502415
813,I378543
814,I393330
815,I362383
816,I350942
817,I468187
818,I378264
819,I404275
820,I297363
821,I357670
822,I414427
823,I321724
824,I280051
825,I370000
826,I277488
827,I302290
828,I347017
829,I269727
830,I499859
831,I324970
832,I241611
833,I285495
834,I385287
835,I387126
836,I387090
837,I368415
838,I498751
839,I365272
840,I364798
841,I431497
842,I498762
843,I362423
844,I495042
845,I362413
846,I341824
847,I361363
848,I300844
849,I316407
850,I347905
851,I375663
852,I424384
853,I423387
854,I317383
855,I344444
856,I377056
857,I298269
858,I289659
859,I289561
860,I420368
861,I366942
862,I341921
863,I310187
864,I235264
865,I217887
866,I415228
867,I422071
868,I411284
869,I361084
870,I348830
871,I361270
872,I311292
873,I293615
874,I340653
875,I340220
876,I361237
877,I290378
878,I310370
879,I306246
880,I285326
881,I330215
882,I361244
883,I306051
884,I281973
885,I333785
886,I361277
887,I282209
888,I333556
889,I304109
890,I360514
891,I343455
892,I302682
893,I259936
894,I279579
895,I341544
896,I296571
897,I258440
898,I276563
899,I252240
900,I336656
901,I271915
902,I293903
903,I247507
904,I315824
905,I278272
906,I243002
907,I260610
908,I242230
909,I258269
910,I315476
911,I281931
912,I310897
913,I255947
914,I239979
915,I275075
916,I242770
917,I264096
918,I300437
919,I228832
920,I351722
921,I276938
922,I240480
923,I206907
924,I221661
925,I266847
926,I235764
927,I216379
928,I203623
929,I228114
930,I209592
931,I339967
932,I196569
933,I261140
934,I219338
935,I325630
936,I190793
937,I205371
938,I254908
939,I262418
940,I336983
941,I393598
942,I447045
943,I389087
944,I385979
945,I385776
946,I373618
947,I372743
948,I346806
949,I364977
950,I378555
951,I343522
952,I399278
953,I372678
954,I380300
955,I273678
956,I354568
957,I298209
958,I312767
959,I307055
960,I404142
961,I265936
962,I342632
963,I350651
964,I346884
965,I279285
966,I261715
967,I307064
968,I399261
969,I298633
970,I339616
971,I257377
972,I270389
973,I334194
974,I270585
975,I389733
976,I289977
977,I253468
978,I257387
979,I315756
980,I241097
981,I277102
982,I384360
983,I261754
984,I378432
985,I295603
986,I234795
987,I217601
988,I235720
989,I461368
990,I398501
991,I345727
992,I209849
993,I196359
994,I265924
995,I347837
996,I208892
997,I226647
998,I264156
999,I193110
1000,I499231
1001,I377341
1002,I376072
1003,I498692
1004,I387464
1005,I359049
1006,I400938
1007,I460650
1008,I365429
1009,I393944
1010,I342681
1011,I339730
1012,I455450
1013,I338196
1014,I367616
1015,I341859
1016,I315950
1017,I388630
1018,I351815
1019,I364530
1020,I312899
1021,I308453
1022,I400949
1023,I460671
1024,I365456
1025,I336721
1026,I351123
1027,I436164
1028,I381254
1029,I307702
1030,I362196
1031,I330722
1032,I314317
1033,I435766
1034,I305329
1035,I372656
1036,I346570
1037,I304858
1038,I328608
1039,I433556
1040,I310718
1041,I362734
1042,I335565
1043,I420570
1044,I290679
1045,I368029
1046,I339855
1047,I286555
1048,I417425
1049,I313692
1050,I335130
1051,I339295
1052,I285070
1053,I368463
1054,I425250
1055,I303102
1056,I283899
1057,I417873
1058,I289911
1059,I373734
1060,I274546
1061,I317058
1062,I285633
1063,I269290
1064,I287227
1065,I268150
1066,I306149
1067,I348232
1068,I401078
1069,I348239
1070,I266895
1071,I305159
1072,I287045
1073,I401746
1074,I267433
1075,I404565
1076,I285623
1077,I308905
1078,I361557
1079,I340095
1080,I285667
1081,I311366
1082,I401223
1083,I261231
1084,I311379
1085,I261222
1086,I401250
1087,I340110
1088,I285657
1089,I279549
1090,I260733
1091,I309897
1092,I404105
1093,I340941
1094,I260221
1095,I350415
1096,I305659
1097,I397168
1098,I281098
1099,I255386
1100,I395748
1101,I253748
1102,I270282
1103,I334633
1104,I288540
1105,I283347
1106,I361551
1107,I263839
1108,I247644
1109,I232928
1110,I246251
1111,I366610
1112,I416192
1113,I215759
1114,I286953
1115,I214766
1116,I249392
1117,I234029
1118,I369324
1119,I289926
1120,I419783
1121,I289686
1122,I243929
1123,I364183
1124,I209986
1125,I225726
1126,I509430
1127,I420771
1128,I222623
1129,I239897
1130,I208267
1131,I286743
1132,I363721
1133,I245905
1134,I400370
1135,I283374
1136,I322228
1137,I207357
1138,I201038
1139,I224006
1140,I203121
1141,I240824
1142,I365123
1143,I286540
1144,I415784
1145,I412475
1146,I284869
1147,I362448
1148,I254144
1149,I392026
1150,I346820
1151,I259846
1152,I399374
1153,I202166
1154,I339110
1155,I473789
1156,I376419
1157,I396564
1158,I437405
1159,I339523
1160,I367376
1161,I353821
1162,I357814
1163,I346224
1164,I322968
1165,I440019
1166,I316178
1167,I355873
1168,I340966
1169,I378956
1170,I436597
1171,I310723
1172,I365743
1173,I338668
1174,I295490
1175,I313963
1176,I365927
1177,I294882
1178,I338965
1179,I313872
1180,I295452
1181,I363700
1182,I310650
1183,I330239
1184,I287887
1185,I305178
1186,I326988
1187,I285370
1188,I361658
1189,I284729
1190,I304179
1191,I358982
1192,I324977
1193,I323498
1194,I301633
1195,I360451
1196,I282510
1197,I297824
1198,I318325
1199,I278357
1200,I355980
1201,I294852
1202,I313253
1203,I355073
1204,I274682
1205,I276962
1206,I354990
1207,I316968
1208,I295841
1209,I270677
1210,I310542
1211,I290560
1212,I348727
1213,I289577
1214,I351926
1215,I310831
1216,I270718
1217,I257893
1218,I299097
1219,I270729
1220,I269623
1221,I294300
1222,I254386
1223,I337364
1224,I283509
1225,I246593
1226,I263765
1227,I320423
1228,I286627
1229,I386105
1230,I245967
1231,I325284
1232,I315897
1233,I245975
1234,I342426
1235,I262115
1236,I313062
1237,I241296
1238,I378184
1239,I273330
1240,I257005
1241,I253079
1242,I309975
1243,I376185
1244,I239295
1245,I271437
1246,I364883
1247,I342412
1248,I222938
1249,I264149
1250,I201270
1251,I349141
1252,I215342
1253,I233168
1254,I269943
1255,I213609
1256,I397538
1257,I199330
1258,I345509
1259,I228926
1260,I267567
1261,I262041
1262,I209963
1263,I227864
1264,I339534
1265,I195821
1266,I192826
1267,I225032
1268,I332837
1269,I215328
1270,I258316
1271,I225038
1272,I192463
1273,I207594
1274,I335055
1275,I256820
1276,I209011
1277,I192260
1278,I252042
1279,I324091
1280,I217919
1281,I189820
1282,I442477
1283,I205074
1284,I385794
1285,I199151
1286,I218227
1287,I185620
1288,I322982
1289,I252036
1290,I200226
1291,I189452
1292,I248314
1293,I215348
1294,I409360
1295,I382381
1296,I348747
1297,I363695
1298,I341569
1299,I318609
1300,I512375
1301,I385652
1302,I357614
1303,I313298
1304,I312405
1305,I336942
1306,I354557
1307,I305574
1308,I323881
1309,I304226
1310,I320531
1311,I302285
1312,I379378
1313,I372705
1314,I360601
1315,I330200
1316,I350598
1317,I322075
1318,I283097
1319,I502260
1320,I346482
1321,I300549
1322,I495811
1323,I274497
1324,I354419
1325,I290591
1326,I268976
1327,I266611
1328,I289940
1329,I502259
1330,I280060
1331,I351044
1332,I260444
1333,I254919
1334,I302322
1335,I272050
1336,I419645
1337,I349964
1338,I290607
1339,I346512
1340,I272102
1341,I251997
1342,I263895
1343,I247418
1344,I340001
1345,I239377
1346,I489422
1347,I349983
1348,I256134
1349,I274629
1350,I389916
1351,I332399
1352,I257088
1353,I239366
1354,I346879
1355,I244032
1356,I259463
1357,I223876
1358,I261300
1359,I300541
1360,I223579
1361,I244025
1362,I291305
1363,I244216
1364,I209508
1365,I358764
1366,I244149
1367,I205380
1368,I242128
1369,I241911
1370,I207424
1371,I246687
1372,I302343
1373,I241820
1374,I219043
1375,I274622
1376,I351559
1377,I205388
1378,I488924
1379,I205394
1380,I274100
1381,I244253
1382,I502239
1383,I244233
1384,I204974
1385,I274663
1386,I241843
1387,I244039
1388,I202820
1389,I278484
1390,I241878
1391,I507104
1392,I492606
1393,I379974
1394,I376810
1395,I389099
1396,I372784
1397,I385478
1398,I369898
1399,I385178
1400,I495100
1401,I371940
1402,I336273
1403,I396581
1404,I351905
1405,I318813
1406,I353153
1407,I342727
1408,I384770
1409,I436055
1410,I309826
1411,I350211
1412,I332459
1413,I377501
1414,I430230
1415,I327069
1416,I348575
1417,I307588
1418,I374771
1419,I397978
1420,I346964
1421,I305128
1422,I282016
1423,I262832
1424,I335531
1425,I292465
1426,I272938
1427,I254859
1428,I389779
1429,I335544
1430,I292448
1431,I272925
1432,I389794
1433,I255149
1434,I245742
1435,I379760
1436,I316257
1437,I502656
1438,I243490
1439,I283633
1440,I260671
1441,I237449
1442,I377961
1443,I310522
1444,I272012
1445,I252907
1446,I219897
1447,I255951
1448,I363241
1449,I475620
1450,I287392
1451,I236796
1452,I417142
1453,I235206
1454,I415427
1455,I287556
1456,I217792
1457,I476654
1458,I253423
1459,I363438
1460,I270371
1461,I219629
1462,I239191
1463,I206077
1464,I348279
1465,I271452
1466,I205879
1467,I463667
1468,I349736
1469,I400308
1470,I239806
1471,I218340
1472,I194188
1473,I437711
1474,I386339
1475,I401706
1476,I464324
1477,I464355
1478,I401700
1479,I243891
1480,I259769
1481,I245500
1482,I401124
1483,I389319
1484,I511790
1485,I385110
1486,I376929
1487,I391416
1488,I515913
1489,I375691
1490,I372258
1491,I415186
1492,I357480
1493,I389298
1494,I316521
1495,I437888
1496,I383935
1497,I354692
1498,I337212
1499,I333639
1500,I306678
1501,I376325
1502,I431138
1503,I337991
1504,I290819
1505,I366387
1506,I419431
1507,I309724
1508,I307987
1509,I337180
1510,I416211
1511,I289335
1512,I247532
1513,I319574
1514,I283304
1515,I382894
1516,I267922
1517,I374517
1518,I245120
1519,I228459
1520,I492050
1521,I264529
1522,I305215
1523,I354660
1524,I400364
1525,I396278
1526,I401252
1527,I396288
1528,I374672
1529,I344143
1530,I401274
1531,I343038
1532,I401804
1533,I376511
1534,I352070
1535,I374647
1536,I393108
1537,I335408
1538,I470386
1539,I381326
1540,I502407
1541,I504228
1542,I379858
1543,I376111
1544,I372455
1545,I421417
1546,I367901
1547,I380710
1548,I419489
1549,I487210
1550,I366056
1551,I378395
1552,I375065
1553,I389977
1554,I362829
1555,I485051
1556,I418463
1557,I363769
1558,I481656
1559,I374482
1560,I416800
1561,I475816
1562,I414595
1563,I388322
1564,I371911
1565,I360651
1566,I360347
1567,I390240
1568,I373963
1569,I415642
1570,I474661
1571,I357899
1572,I401554
1573,I372967
1574,I347641
1575,I354971
1576,I396058
1577,I368910
1578,I453215
1579,I341282
1580,I396613
1581,I453228
1582,I487760
1583,I354820
1584,I340188
1585,I351027
1586,I389035
1587,I329969
1588,I446512
1589,I364559
1590,I344293
1591,I439521
1592,I324108
1593,I385755
1594,I360971
1595,I386097
1596,I442428
1597,I321225
1598,I344065
1599,I362186
1600,I345773
1601,I317867
1602,I424550
1603,I372958
1604,I305194
1605,I297885
1606,I368235
1607,I315576
1608,I340589
1609,I330746
1610,I415657
1611,I305619
1612,I287132
1613,I361810
1614,I284320
1615,I332616
1616,I415861
1617,I362528
1618,I303259
1619,I284327
1620,I282632
1621,I294432
1622,I404020
1623,I312360
1624,I354376
1625,I273192
1626,I272572
1627,I394731
1628,I300653
1629,I260502
1630,I280274
1631,I341561
1632,I273188
1633,I298238
1634,I257469
1635,I340816
1636,I393981
1637,I286330
1638,I330190
1639,I508114
1640,I388006
1641,I268472
1642,I247651
1643,I293990
1644,I505858
1645,I339641
1646,I262073
1647,I389660
1648,I246549
1649,I241373
1650,I377826
1651,I271570
1652,I256849
1653,I238381
1654,I495798
1655,I311268
1656,I277416
1657,I380417
1658,I241384
1659,I316122
1660,I257970
1661,I500257
1662,I372079
1663,I310952
1664,I271543
1665,I260587
1666,I237208
1667,I237027
1668,I495355
1669,I307945
1670,I269956
1671,I375978
1672,I254380
1673,I269659
1674,I307076
1675,I228303
1676,I248326
1677,I375277
1678,I492666
1679,I263920
1680,I422862
1681,I228292
1682,I488896
1683,I301188
1684,I373554
1685,I248258
1686,I504916
1687,I379902
1688,I369983
1689,I382022
1690,I382047
1691,I423545
1692,I492140
1693,I368794
1694,I388714
1695,I363795
1696,I333831
1697,I349471
1698,I355174
1699,I382823
1700,I341090
1701,I315490
1702,I385161
1703,I360540
1704,I487089
1705,I313860
1706,I339971
1707,I371507
1708,I343892
1709,I424461
1710,I321154
1711,I302745
1712,I301276
1713,I282037
1714,I417163
1715,I352330
1716,I273583
1717,I311750
1718,I290031
1719,I404823
1720,I417543
1721,I299162
1722,I356412
1723,I279151
1724,I323129
1725,I285690
1726,I302765
1727,I419540
1728,I358591
1729,I306928
1730,I401220
1731,I344425
1732,I281005
1733,I262527
1734,I394677
1735,I294645
1736,I271568
1737,I337665
1738,I255515
1739,I508447
1740,I391541
1741,I254994
1742,I291613
1743,I270442
1744,I335468
1745,I412219
1746,I384196
1747,I259137
1748,I242118
1749,I315459
1750,I494758
1751,I233355
1752,I303292
1753,I247992
1754,I374559
1755,I268884
1756,I302014
1757,I228845
1758,I267809
1759,I371486
1760,I495902
1761,I247842
1762,I244108
1763,I296935
1764,I368101
1765,I484010
1766,I226177
1767,I266923
1768,I218393
1769,I236920
1770,I254968
1771,I197854
1772,I348327
1773,I477867
1774,I318415
1775,I384393
1776,I503231
1777,I349851
1778,I368149
1779,I434135
1780,I498648
1781,I372375
1782,I501662
1783,I355058
1784,I487052
1785,I414340
1786,I424314
1787,I369880
1788,I424013
1789,I387289
1790,I384059
1791,I382227
1792,I388206
1793,I376433
1794,I367196
1795,I384911
1796,I371196
1797,I415463
1798,I355523
1799,I385316
1800,I368336
1801,I396735
1802,I353506
1803,I340463
1804,I372442
1805,I323095
1806,I363013
1807,I387592
1808,I346264
1809,I439218
1810,I358109
1811,I388154
1812,I321505
1813,I341689
1814,I338410
1815,I388135
1816,I316747
1817,I358144
1818,I306461
1819,I376442
1820,I350039
1821,I433711
1822,I306972
1823,I332961
1824,I314178
1825,I375533
1826,I348034
1827,I429598
1828,I302654
1829,I431617
1830,I374599
1831,I349440
1832,I319671
1833,I303277
1834,I339377
1835,I419362
1836,I316200
1837,I365844
1838,I297190
1839,I288318
1840,I343595
1841,I431796
1842,I374803
1843,I281767
1844,I301568
1845,I358886
1846,I415497
1847,I323092
1848,I360741
1849,I294573
1850,I274486
1851,I321485
1852,I413071
1853,I301730
1854,I270462
1855,I355911
1856,I315734
1857,I410157
1858,I505868
1859,I238501
1860,I385403
1861,I320510
1862,I342395
1863,I255358
1864,I283811
1865,I381812
1866,I255348
1867,I312958
1868,I504708
1869,I237736
1870,I353927
1871,I375884
1872,I505891
1873,I446708
1874,I312752
1875,I356122
1876,I344167
1877,I384221
1878,I315166
1879,I391567
1880,I355737
1881,I337000
1882,I486920
1883,I436462
1884,I291479
1885,I364823
1886,I321687
1887,I404083
1888,I361039
1889,I304646
1890,I280953
1891,I363751
1892,I291468
1893,I486904
1894,I418170
1895,I336980
1896,I342092
1897,I355747
1898,I315178
1899,I272338
1900,I382919
1901,I245670
1902,I435005
1903,I265610
1904,I507150
1905,I281164
1906,I332635
1907,I243802
1908,I321396
1909,I242273
1910,I272357
1911,I258784
1912,I377430
1913,I207228
1914,I208016
1915,I241082
1916,I350296
1917,I225786
1918,I458072
1919,I206267
1920,I269247
1921,I400039
1922,I226567
1923,I223692
1924,I391588
1925,I262606
1926,I446685
1927,I192784
1928,I344153
1929,I503727
1930,I509399
1931,I382627
1932,I378403
1933,I391357
1934,I374920
1935,I497941
1936,I388366
1937,I359740
1938,I388379
1939,I416697
1940,I373782
1941,I375616
1942,I399581
1943,I362946
1944,I345679
1945,I399794
1946,I362097
1947,I344365
1948,I375551
1949,I360633
1950,I323017
1951,I302052
1952,I283296
1953,I322578
1954,I282958
1955,I360677
1956,I414812
1957,I302017
1958,I267838
1959,I252063
1960,I287720
1961,I330802
1962,I390155
1963,I331425
1964,I389484
1965,I267878
1966,I253094
1967,I287543
1968,I332323
1969,I287620
1970,I388333
1971,I267930
1972,I253070
1973,I425110
1974,I394657
1975,I385352
1976,I350154
1977,I394700
1978,I366255
1979,I331950
1980,I315253
1981,I383941
1982,I355005
1983,I499718
1984,I341610
1985,I313905
1986,I505735
1987,I383958
1988,I339385
1989,I323885
1990,I360522
1991,I306088
1992,I274155
1993,I406066
1994,I272399
1995,I308665
1996,I406813
1997,I425922
1998,I267556
1999,I315266
2000,I262771
2001,I311677
2002,I396687
2003,I281515
2004,I261820
2005,I344256
2006,I396319
2007,I222799
2008,I250966
2009,I300918
2010,I209409
2011,I240469
2012,I223626
2013,I208843
2014,I287791
2015,I262811
2016,I194933
2017,I208879
2018,I341625
2019,I232168
2020,I395814
2021,I394949
2022,I448803
2023,I367322
2024,I354863
2025,I339431
2026,I328496
2027,I304674
2028,I348156
2029,I373707
2030,I364456
2031,I310763
2032,I290634
2033,I417561
2034,I414950
2035,I325230
2036,I303247
2037,I282642
2038,I362228
2039,I416155
2040,I281145
2041,I324472
2042,I299314
2043,I357949
2044,I302553
2045,I280361
2046,I321201
2047,I292598
2048,I337982
2049,I274093
2050,I255985
2051,I391163
2052,I255307
2053,I348196
2054,I291145
2055,I270534
2056,I391657
2057,I286946
2058,I255289
2059,I338314
2060,I269691
2061,I388695
2062,I387217
2063,I329784
2064,I284286
2065,I264700
2066,I249146
2067,I303443
2068,I360942
2069,I252284
2070,I235232
2071,I270581
2072,I234915
2073,I270406
2074,I251326
2075,I371756
2076,I305145
2077,I368905
2078,I265964
2079,I229509
2080,I249335
2081,I305268
2082,I248875
2083,I297850
2084,I228875
2085,I263858
2086,I460843
2087,I229142
2088,I261923
2089,I370601
2090,I300744
2091,I246870
2092,I424804
2093,I226186
2094,I297457
2095,I259905
2096,I243113
2097,I367821
2098,I223354
2099,I275531
2100,I415625
2101,I354592
2102,I208970
2103,I240045
2104,I184534
2105,I247667
2106,I196433
2107,I217611
2108,I316974
2109,I382687
2110,I310482
2111,I215437
2112,I181503
2113,I242184
2114,I379351
2115,I193428
2116,I183880
2117,I435778
2118,I388953
2119,I364296
2120,I404610
2121,I352581
2122,I379404
2123,I324276
2124,I363576
2125,I387448
2126,I347049
2127,I321591
2128,I426084
2129,I347435
2130,I299194
2131,I372917
2132,I294410
2133,I315508
2134,I353974
2135,I404447
2136,I274952
2137,I297447
2138,I261338
2139,I276849
2140,I300723
2141,I343973
2142,I273455
2143,I334674
2144,I255572
2145,I291037
2146,I254356
2147,I506429
2148,I392466
2149,I342015
2150,I250376
2151,I269480
2152,I287237
2153,I250351
2154,I266599
2155,I388937
2156,I508927
2157,I283005
2158,I342468
2159,I256402
2160,I274998
2161,I316992
2162,I241008
2163,I381562
2164,I504347
2165,I270233
2166,I207510
2167,I252354
2168,I346835
2169,I252020
2170,I454122
2171,I399486
2172,I384976
2173,I372410
2174,I364199
2175,I347376
2176,I325906
2177,I451139
2178,I395079
2179,I421771
2180,I342718
2181,I288457
2182,I312473
2183,I364737
2184,I311891
2185,I371887
2186,I424228
2187,I291854
2188,I343680
2189,I361687
2190,I280814
2191,I324990
2192,I414498
2193,I298226
2194,I265471
2195,I415572
2196,I302572
2197,I331527
2198,I361068
2199,I301348
2200,I337038
2201,I282072
2202,I364403
2203,I278521
2204,I402415
2205,I253493
2206,I314642
2207,I351092
2208,I268088
2209,I362083
2210,I451521
2211,I252945
2212,I308171
2213,I393096
2214,I293886
2215,I269147
2216,I253438
2217,I337817
2218,I247488
2219,I339412
2220,I389112
2221,I279121
2222,I291462
2223,I267441
2224,I252896
2225,I318798
2226,I239347
2227,I375909
2228,I500694
2229,I232429
2230,I281783
2231,I248544
2232,I314060
2233,I395855
2234,I207213
2235,I340905
2236,I232212
2237,I260642
2238,I193005
2239,I345641
2240,I375999
2241,I376005
2242,I395658
2243,I336748
2244,I375995
2245,I365363
2246,I340935
2247,I435198
2248,I315767
2249,I361421
2250,I332116
2251,I418861
2252,I305057
2253,I284994
2254,I323078
2255,I267879
2256,I361464
2257,I283834
2258,I402629
2259,I415167
2260,I323106
2261,I288451
2262,I269151
2263,I361313
2264,I361319
2265,I267457
2266,I289100
2267,I306878
2268,I294193
2269,I282440
2270,I413242
2271,I337413
2272,I393440
2273,I336763
2274,I255990
2275,I282403
2276,I294190
2277,I241323
2278,I252732
2279,I375987
2280,I235152
2281,I308677
2282,I273294
2283,I413247
2284,I361821
2285,I471423
2286,I213360
2287,I229152
2288,I252709
2289,I288248
2290,I288448
2291,I403396
2292,I242491
2293,I208295
2294,I363480
2295,I223273
2296,I195227
2297,I238596
2298,I216399
2299,I343808
2300,I449938
2301,I267892
2302,I392952
2303,I498575
2304,I376767
2305,I368619
2306,I382000
2307,I494770
2308,I352685
2309,I368746
2310,I334250
2311,I399450
2312,I298384
2313,I405608
2314,I379087
2315,I505147
2316,I373546
2317,I358820
2318,I415211
2319,I345557
2320,I372468
2321,I400430
2322,I372597
2323,I343920
2324,I358058
2325,I383448
2326,I338808
2327,I315851
2328,I355328
2329,I440554
2330,I300527
2331,I420456
2332,I370443
2333,I343141
2334,I316047
2335,I317432
2336,I300337
2337,I343284
2338,I363191
2339,I362136
2340,I326516
2341,I286466
2342,I305228
2343,I280784
2344,I322353
2345,I359781
2346,I412890
2347,I297110
2348,I401664
2349,I269274
2350,I306123
2351,I288739
2352,I347146
2353,I277279
2354,I302668
2355,I343301
2356,I261982
2357,I415192
2358,I260907
2359,I277294
2360,I398235
2361,I341861
2362,I301216
2363,I272543
2364,I300353
2365,I341970
2366,I396531
2367,I258946
2368,I385122
2369,I384813
2370,I382180
2371,I360312
2372,I385233
2373,I361583
2374,I323225
2375,I439251
2376,I346556
2377,I437820
2378,I319538
2379,I386891
2380,I346595
2381,I353990
2382,I378007
2383,I311905
2384,I432167
2385,I338283
2386,I348651
2387,I327944
2388,I306067
2389,I343575
2390,I301391
2391,I321526
2392,I422891
2393,I290307
2394,I362532
2395,I321926
2396,I316621
2397,I353124
2398,I296640
2399,I273497
2400,I408994
2401,I301491
2402,I354833
2403,I272226
2404,I403915
2405,I327812
2406,I399635
2407,I348162
2408,I296884
2409,I315801
2410,I266626
2411,I268927
2412,I297175
2413,I348191
2414,I321443
2415,I401405
2416,I320521
2417,I262075
2418,I296616
2419,I467973
2420,I247855
2421,I281034
2422,I223645
2423,I404043
2424,I353092
2425,I207988
2426,I466108
2427,I399919
2428,I243441
2429,I207343
2430,I351328
2431,I274118
2432,I222170
2433,I255138
2434,I226628
2435,I202424
2436,I402264
2437,I224642
2438,I252607
2439,I352436
2440,I460919
2441,I280336
2442,I199193
2443,I342438
2444,I318758
2445,I374784
2446,I300631
2447,I366565
2448,I313390
2449,I339606
2450,I294335
2451,I336085
2452,I313377
2453,I384892
2454,I291664
2455,I419795
2456,I336071
2457,I289478
2458,I310615
2459,I365631
2460,I310598
2461,I297119
2462,I269614
2463,I414357
2464,I352528
2465,I345535
2466,I399504
2467,I283663
2468,I298542
2469,I265069
2470,I297131
2471,I339578
2472,I275363
2473,I396862
2474,I259742
2475,I260796
2476,I243628
2477,I314571
2478,I277901
2479,I256299
2480,I240497
2481,I272390
2482,I311855
2483,I311843
2484,I272378
2485,I384308
2486,I257458
2487,I240506
2488,I239639
2489,I274069
2490,I258925
2491,I308633
2492,I380182
2493,I237555
2494,I308627
2495,I238752
2496,I378273
2497,I256318
2498,I270531
2499,I291643
2500,I366551
2501,I217964
2502,I235810
2503,I255109
2504,I424881
2505,I208098
2506,I358474
2507,I277932
2508,I225018
2509,I243697
2510,I374973
2511,I382595
2512,I423283
2513,I368205
2514,I413783
2515,I373412
2516,I390455
2517,I360331
2518,I487450
2519,I339633
2520,I367165
2521,I453969
2522,I390417
2523,I330022
2524,I347722
2525,I364282
2526,I337375
2527,I352715
2528,I367839
2529,I320438
2530,I308179
2531,I368926
2532,I343937
2533,I314502
2534,I300090
2535,I421731
2536,I367831
2537,I342305
2538,I300058
2539,I325666
2540,I423115
2541,I421137
2542,I296864
2543,I369617
2544,I340740
2545,I368949
2546,I375165
2547,I314138
2548,I296784
2549,I429568
2550,I404435
2551,I363423
2552,I278370
2553,I304275
2554,I324397
2555,I281506
2556,I264413
2557,I398988
2558,I347752
2559,I308388
2560,I261163
2561,I286424
2562,I241658
2563,I339823
2564,I257105
2565,I225057
2566,I242255
2567,I305418
2568,I261314
2569,I287003
2570,I220073
2571,I363415
2572,I478698
2573,I414759
2574,I381908
2575,I511874
2576,I376797
2577,I499456
2578,I372890
2579,I391375
2580,I379269
2581,I491411
2582,I372820
2583,I398105
2584,I319128
2585,I388040
2586,I376488
2587,I313947
2588,I377214
2589,I297694
2590,I368891
2591,I421361
2592,I296876
2593,I312873
2594,I418174
2595,I365237
2596,I290409
2597,I393846
2598,I255323
2599,I274436
2600,I301836
2601,I248238
2602,I516625
2603,I385095
2604,I290434
2605,I265527
2606,I327014
2607,I381842
2608,I507166
2609,I243884
2610,I260302
2611,I318775
2612,I280644
2613,I253521
2614,I274419
2615,I308380
2616,I238538
2617,I491392
2618,I372939
2619,I228226
2620,I306575
2621,I265867
2622,I246024
2623,I206435
2624,I206399
2625,I350954
2626,I368677
2627,I394595
2628,I335370
2629,I390009
2630,I346983
2631,I363472
2632,I325974
2633,I330057
2634,I346972
2635,I365760
2636,I332726
2637,I425706
2638,I444296
2639,I350329
2640,I316083
2641,I355916
2642,I379427
2643,I337148
2644,I380189
2645,I314048
2646,I357369
2647,I338212
2648,I415943
2649,I363676
2650,I306304
2651,I287208
2652,I333894
2653,I345576
2654,I281574
2655,I266551
2656,I295388
2657,I275334
2658,I342755
2659,I260771
2660,I395717
2661,I300385
2662,I273067
2663,I339816
2664,I258003
2665,I297202
2666,I393231
2667,I297083
2668,I270498
2669,I341719
2670,I390293
2671,I513710
2672,I256857
2673,I318405
2674,I397485
2675,I280538
2676,I260332
2677,I244899
2678,I503157
2679,I382860
2680,I503139
2681,I259725
2682,I245492
2683,I277473
2684,I321759
2685,I255710
2686,I239730
2687,I272092
2688,I311938
2689,I375678
2690,I497107
2691,I358329
2692,I472318
2693,I251934
2694,I233442
2695,I215804
2696,I285349
2697,I414929
2698,I220041
2699,I290003
2700,I342257
2701,I352966
2702,I403708
2703,I212936
2704,I260748
2705,I196073
2706,I394863
2707,I338269
2708,I375334
2709,I350457
2710,I373513
2711,I319209
2712,I283910
2713,I337398
2714,I416762
2715,I310437
2716,I363615
2717,I282010
2718,I247204
2719,I381380
2720,I415594
2721,I381173
2722,I372548
2723,I499446
2724,I388058
2725,I367578
2726,I424717
2727,I382428
2728,I419129
2729,I364847
2730,I382536
2731,I414389
2732,I387032
2733,I367489
2734,I355098
2735,I351491
2736,I373881
2737,I363504
2738,I406889
2739,I342859
2740,I358746
2741,I460685
2742,I399550
2743,I378893
2744,I367649
2745,I338119
2746,I395909
2747,I353289
2748,I395929
2749,I360494
2750,I367621
2751,I333677
2752,I342662
2753,I387064
2754,I313892
2755,I358719
2756,I382500
2757,I435704
2758,I355125
2759,I340261
2760,I310555
2761,I339676
2762,I424034
2763,I369850
2764,I294235
2765,I314430
2766,I289778
2767,I333797
2768,I287809
2769,I419025
2770,I363916
2771,I308479
2772,I305045
2773,I284912
2774,I330577
2775,I366486
2776,I315527
2777,I359019
2778,I412419
2779,I289547
2780,I271892
2781,I405445
2782,I289500
2783,I317452
2784,I270648
2785,I358945
2786,I265545
2787,I346464
2788,I308587
2789,I283117
2790,I304446
2791,I403637
2792,I267157
2793,I281691
2794,I346682
2795,I499367
2796,I235706
2797,I377789
2798,I307372
2799,I252857
2800,I271115
2801,I207372
2802,I354897
2803,I222439
2804,I275729
2805,I460703
2806,I242396
2807,I403616
2808,I399378
2809,I460719
2810,I266816
2811,I343555
2812,I448591
2813,I331770
2814,I390982
2815,I445553
2816,I505119
2817,I384315
2818,I368157
2819,I339126
2820,I448229
2821,I397505
2822,I371410
2823,I354583
2824,I362016
2825,I322002
2826,I394331
2827,I346361
2828,I430123
2829,I323334
2830,I303734
2831,I348398
2832,I376291
2833,I334233
2834,I433041
2835,I350114
2836,I307549
2837,I381408
2838,I287990
2839,I336553
2840,I310928
2841,I363294
2842,I334611
2843,I283269
2844,I417782
2845,I303139
2846,I416632
2847,I281882
2848,I361293
2849,I326302
2850,I303084
2851,I319635
2852,I298511
2853,I362890
2854,I279473
2855,I351594
2856,I404472
2857,I269257
2858,I286373
2859,I311355
2860,I405707
2861,I286457
2862,I311254
2863,I268916
2864,I349322
2865,I283850
2866,I348067
2867,I266132
2868,I306274
2869,I302036
2870,I258598
2871,I393214
2872,I340027
2873,I272405
2874,I248518
2875,I390350
2876,I264984
2877,I293812
2878,I335304
2879,I336210
2880,I389364
2881,I265126
2882,I249408
2883,I289849
2884,I395974
2885,I380897
2886,I414936
2887,I511013
2888,I391673
2889,I407834
2890,I378485
2891,I400331
2892,I384733
2893,I502016
2894,I372850
2895,I398678
2896,I346236
2897,I358612
2898,I372814
2899,I434497
2900,I332856
2901,I354816
2902,I379005
2903,I311923
2904,I333753
2905,I375095
2906,I306885
2907,I352350
2908,I341804
2909,I367808
2910,I313310
2911,I422752
2912,I296362
2913,I491177
2914,I285806
2915,I363566
2916,I417945
2917,I330175
2918,I306319
2919,I326317
2920,I417995
2921,I473876
2922,I305236
2923,I358427
2924,I283881
2925,I300243
2926,I414386
2927,I278812
2928,I472276
2929,I361432
2930,I323841
2931,I277129
2932,I301753
2933,I346800
2934,I260579
2935,I398526
2936,I259798
2937,I259658
2938,I274826
2939,I299157
2940,I397605
2941,I346114
2942,I298212
2943,I258526
2944,I273558
2945,I258446
2946,I301771
2947,I279217
2948,I395569
2949,I346230
2950,I335320
2951,I274130
2952,I394823
2953,I257482
2954,I296646
2955,I340042
2956,I395109
2957,I257274
2958,I297354
2959,I274577
2960,I256144
2961,I338112
2962,I273180
2963,I293280
2964,I335995
2965,I391153
2966,I273216
2967,I290926
2968,I254579
2969,I287273
2970,I326412
2971,I267492
2972,I249532
2973,I444157
2974,I192255
2975,I223329
2976,I257490
2977,I393003
2978,I332884
2979,I207659
2980,I207958
2981,I191822
2982,I256638
2983,I381532
2984,I243871
2985,I180305
2986,I213881
2987,I316038
2988,I199142
2989,I505161
2990,I361330
2991,I287488
2992,I418027
2993,I491258
2994,I233432
2995,I292425
2996,I227596
2997,I361615
2998,I286514
2999,I495940
3000,I223895
3001,I418013
3002,I274149
3003,I352948
3004,I404367
3005,I467652
3006,I251173
3007,I385945
3008,I322049
3009,I322440
3010,I243903
3011,I240808
3012,I371997
3013,I423203
3014,I304792
3015,I303067
3016,I238628
